url,status
https://www.facebook.com/artstothepeople,404
https://twitter.com/arts_people,200
https://www.linkedin.com/company-beta/286178/,200
https://www.instagram.com/arts_people/,200
https://www.youtube.com/channel/UCQUOxG3uXB3h-336pPPnFGA,200
http://www.playwriteinc.org/,200
http://pearmentor.org/,200
http://www.tcg.org/,errored
http://www.aact.org/,200
http://momentumalliance.org/,200
https://eji.org/,200
http://www.kiva.org/,200
https://www.givedirectly.org/,200
https://www.youtube.com/channel/UC_SPy8O03YHowtttaeHZR1w,200
http://www.patrickspike.com,200
http://www.callmephoebe.com,200
"http://en.wikipedia.org/wiki/Linares,_Ja%C3%A9n",200
http://www.streetartutopia.com/?p=14700,200
http://whitemanbrothers.com/,200
https://instagram.com/megaguire/,200
http://people.wku.edu/charles.smith/MALVINA/homep.htm,200
http://octaviabutler.org/,errored
https://www.youtube.com/channel/UCdRNfnY16gHpDuZdgGjt4Jw,200
https://neonone.com/,200
https://neonone.com/mission/,200
https://neonone.com/solutions/,200
https://neonone.com/solutions/fundraising/,200
https://neonone.com/solutions/community-building/,200
https://neonone.com/solutions/program-management/,200
https://neonone.com/solutions/payment-processing/,200
https://neonone.com/our-partners/,200
https://neonone.com/our-partners/#integrations,200
https://neonone.com/our-partners/#consultants,200
https://neonone.com/our-partners/#institutions,200
https://neonone.com/our-partners/directory/,200
https://neonone.com/resources/,200
https://neonone.com/get-started/,200
https://www.youtube.com/channel/UCdRNfnY16gHpDuZdgGjt4Jw/,200
https://www.instagram.com/arts_people,200
https://neonone.com,200
http://www.facebook.com/sharer.php?u=https%3A%2F%2Fwp.me%2Fp7rqhQ-NG&t=Arts%20People%20Joins%20Neon%20One&s=100&p[url]=https%3A%2F%2Fwp.me%2Fp7rqhQ-NG&p[images][0]=&p[title]=Arts%20People%20Joins%20Neon%20One,200
https://twitter.com/intent/tweet?url=https%3A%2F%2Fwp.me%2Fp7rqhQ-NG&text=Look%20what%20I%20found%20on%20the%20Arts-People.com%20website,200
https://plus.google.com/share?url=https%3A%2F%2Fwp.me%2Fp7rqhQ-NG,200
http://www.linkedin.com/shareArticle?mini=true&url=https%3A%2F%2Fwp.me%2Fp7rqhQ-NG&title=Arts%20People%20Joins%20Neon%20One,200
https://2018setcconvention.sched.com/marcross@artspeople,200
https://2018setcconvention.sched.com/jon@artspeople,200
https://calendly.com/artspeople/10minuteboothchat/03-08-2018,200
https://www.setc.org/,200
https://www.setc.org/convention/,200