url,status,crawl_status
https://rallybound.com,200,finished
https://rallybound.com/,200,finished
https://rallybound.com/10-nonprofits-email-tips-from-mailchimp-research/,200,finished
https://rallybound.com/2013/06/,200,finished
https://rallybound.com/2013/07/,200,finished
https://rallybound.com/2013/08/,200,finished
https://rallybound.com/2013/09/,200,finished
https://rallybound.com/2013/10/,200,finished
https://rallybound.com/2013/11/,200,finished
https://rallybound.com/2013/12/,200,finished
https://rallybound.com/2014-fundraising-tips/,200,finished
https://rallybound.com/2014/01/,200,finished
https://rallybound.com/2014/02/,200,finished
https://rallybound.com/2014/03/,200,finished
https://rallybound.com/2014/04/,200,finished
https://rallybound.com/2014/05/,200,finished
https://rallybound.com/2014/06/,200,finished
https://rallybound.com/2014/07/,200,finished
https://rallybound.com/2014/08/,200,finished
https://rallybound.com/2014/09/,200,finished
https://rallybound.com/2014/10/,200,finished
https://rallybound.com/2014/11/,200,finished
https://rallybound.com/2014/12/,200,finished
https://rallybound.com/2015-top-10-nonprofit-fundraising-events-infographic/,200,finished
https://rallybound.com/2015/01/,200,finished
https://rallybound.com/2015/02/,200,finished
https://rallybound.com/2015/03/,200,finished
https://rallybound.com/2015/04/,200,finished
https://rallybound.com/2015/05/,200,finished
https://rallybound.com/2015/06/,200,finished
https://rallybound.com/2015/07/,200,finished
https://rallybound.com/2015/08/,200,finished
https://rallybound.com/2015/09/,200,finished
https://rallybound.com/2015/10/,200,finished
https://rallybound.com/2015/11/,200,finished
https://rallybound.com/2015/12/,200,finished
https://rallybound.com/2016/01/,200,finished
https://rallybound.com/2016/02/,200,finished
https://rallybound.com/2016/03/,200,finished
https://rallybound.com/2016/04/,200,finished
https://rallybound.com/2016/05/,200,finished
https://rallybound.com/2016/06/,200,finished
https://rallybound.com/2016/07/,200,finished
https://rallybound.com/2016/09/,200,finished
https://rallybound.com/2016/10/,200,finished
https://rallybound.com/2016/11/,200,finished
https://rallybound.com/2016/12/,200,finished
https://rallybound.com/2017-review-fundraising-platform/,200,finished
https://rallybound.com/2017/01/,200,finished
https://rallybound.com/2017/02/,200,finished
https://rallybound.com/2017/03/,200,finished
https://rallybound.com/2017/04/,200,finished
https://rallybound.com/2017/05/,200,finished
https://rallybound.com/2017/06/,200,finished
https://rallybound.com/2017/07/,200,finished
https://rallybound.com/2017/08/,200,finished
https://rallybound.com/2017/09/,200,finished
https://rallybound.com/2017/10/,200,finished
https://rallybound.com/2017/11/,200,finished
https://rallybound.com/2017/12/,200,finished
https://rallybound.com/2018-year-review/,200,finished
https://rallybound.com/2018/01/,200,finished
https://rallybound.com/2018/02/,200,finished
https://rallybound.com/2018/03/,200,finished
https://rallybound.com/2018/04/,200,finished
https://rallybound.com/2018/05/,200,finished
https://rallybound.com/2018/06/,200,finished
https://rallybound.com/2018/07/,200,finished
https://rallybound.com/2018/08/,200,finished
https://rallybound.com/2018/09/,200,finished
https://rallybound.com/2018/10/,200,finished
https://rallybound.com/2018/11/,200,finished
https://rallybound.com/2018/12/,200,finished
https://rallybound.com/2019/01/,200,finished
https://rallybound.com/2019/02/,200,finished
https://rallybound.com/2019/03/,200,finished
https://rallybound.com/2019/04/,200,finished
https://rallybound.com/2019/05/,200,finished
https://rallybound.com/2019/06/,200,finished
https://rallybound.com/2019/07/,200,finished
https://rallybound.com/2019/09/,200,finished
https://rallybound.com/2019/11/,200,finished
https://rallybound.com/360-views-4-examples-of-humanitarian-virtual/,200,finished
https://rallybound.com/4-reasons-why-nonprofit-fundraising-professionals-should-code/,200,finished
https://rallybound.com/4-takeaways-from-up-4-the-fight/,200,finished
https://rallybound.com/4-things-we-learned-dreamforce-2016/,200,finished
https://rallybound.com/4-ways-to-enhance-your-2015-fundraising/,200,finished
https://rallybound.com/5-great-fundraising-event-promotion-videos-created/,200,finished
https://rallybound.com/5-nonprofit-fundraising-campaigns-helping-central-america/,200,finished
https://rallybound.com/5-organizations-who-salute-our-veterans/,200,finished
https://rallybound.com/5-tips-for-summer-fundraising/,200,finished
https://rallybound.com/5-ways-football-is-like-peer-to-peer-fundraising/,200,finished
https://rallybound.com/5-ways-soccer-is-like-peer-to-peer-fundraising/,200,finished
https://rallybound.com/5-ways-to-leverage-4th-of-july-for-p2p-fundraising/,200,finished
https://rallybound.com/6-great-charity-online-fundraising-campaigns-in-africa/,200,finished
https://rallybound.com/6-organizations-embracing-non-traditional/,200,finished
https://rallybound.com/6-organizations-who-support-our-bravest/,200,finished
https://rallybound.com/7-best-practices-for-success-on-rallybound/,200,finished
https://rallybound.com/7-organizations-using-soccer-for-good/,200,finished
https://rallybound.com/7-ways-to-empathize-with-your-fundraisers/,200,finished
https://rallybound.com/Features/Integrations,200,finished
https://rallybound.com/Info/Demo,404,finished
https://rallybound.com/Info/Donor,200,finished
https://rallybound.com/a-little-fundraising-innovation-cant-hurt/,200,finished
https://rallybound.com/a-note-on-fundraising-for-independence-day/,200,finished
https://rallybound.com/a-well-oiled-registration-flow/,200,finished
https://rallybound.com/achievement-badges-nonprofit-fundraisers/,200,finished
https://rallybound.com/activity-stream-campaigns/,200,finished
https://rallybound.com/admin-upgrade-live/,200,finished
https://rallybound.com/aligning-digital-and-analog-for-fundraising/,200,finished
https://rallybound.com/all-nonprofits-should-consider-a-matching-donation/,200,finished
https://rallybound.com/amp-up-social-fundraising-at-15ntc/,200,finished
https://rallybound.com/amply-integration-matching-donations/,200,finished
https://rallybound.com/an-update-on-our-software-july-2013/,200,finished
https://rallybound.com/analysis-paralysis-salesforce-to-the-rescue/,200,finished
https://rallybound.com/anatomy-of-a-perfect-fundraising-campaign/,200,finished
https://rallybound.com/animal-welfare-fundraising/,200,finished
https://rallybound.com/api,3XX,finished
https://rallybound.com/apply-sharkweek-tactics-improve-peer-to-peer/,200,finished
https://rallybound.com/april-is-national-donor-month/,200,finished
https://rallybound.com/arts-people-ticketing/,200,finished
https://rallybound.com/author/brianb/,200,finished
https://rallybound.com/author/chad/,200,finished
https://rallybound.com/author/chad/page/2/,200,finished
https://rallybound.com/author/chad/page/3/,200,finished
https://rallybound.com/author/chad/page/4/,200,finished
https://rallybound.com/author/chad/page/5/,200,finished
https://rallybound.com/author/chad/page/6/,200,finished
https://rallybound.com/author/chad/page/7/,200,finished
https://rallybound.com/author/chad/page/8/,200,finished
https://rallybound.com/author/courtneyc/,200,finished
https://rallybound.com/author/dany/,200,finished
https://rallybound.com/author/debbistanley/,200,finished
https://rallybound.com/author/hirakhan/,200,finished
https://rallybound.com/author/hirakhan/page/2/,200,finished
https://rallybound.com/author/hirakhan/page/3/,200,finished
https://rallybound.com/author/joemagee/,200,finished
https://rallybound.com/author/neonadmin/,200,finished
https://rallybound.com/author/neonadmin/page/10/,200,finished
https://rallybound.com/author/neonadmin/page/11/,200,finished
https://rallybound.com/author/neonadmin/page/12/,200,finished
https://rallybound.com/author/neonadmin/page/13/,200,finished
https://rallybound.com/author/neonadmin/page/14/,200,finished
https://rallybound.com/author/neonadmin/page/15/,200,finished
https://rallybound.com/author/neonadmin/page/16/,200,finished
https://rallybound.com/author/neonadmin/page/17/,200,finished
https://rallybound.com/author/neonadmin/page/2/,200,finished
https://rallybound.com/author/neonadmin/page/3/,200,finished
https://rallybound.com/author/neonadmin/page/4/,200,finished
https://rallybound.com/author/neonadmin/page/5/,200,finished
https://rallybound.com/author/neonadmin/page/6/,200,finished
https://rallybound.com/author/neonadmin/page/7/,200,finished
https://rallybound.com/author/neonadmin/page/8/,200,finished
https://rallybound.com/author/neonadmin/page/9/,200,finished
https://rallybound.com/author/rbpartner/,200,finished
https://rallybound.com/author/shmulipinson/,200,finished
https://rallybound.com/author/stephanie/,200,finished
https://rallybound.com/author/stephanie/page/2/,200,finished
https://rallybound.com/author/tims/,200,finished
https://rallybound.com/author/zalmanf/,200,finished
https://rallybound.com/be-honest-you-love-and-hate-virality/,200,finished
https://rallybound.com/before-and-after-donation-page/,200,finished
https://rallybound.com/before-and-after-personal-fundraising-page/,200,finished
https://rallybound.com/before-and-after-registration-flow/,200,finished
https://rallybound.com/benjamin-franklin-and-strategic-fundraising/,200,finished
https://rallybound.com/bike4chai-case-study,404,finished
https://rallybound.com/bike4chai-cycling-fundraising-2017/,200,finished
https://rallybound.com/bill-graham-and-the-benefit-concert/,200,finished
https://rallybound.com/boost-fundraising-activity-through-the-fundraiser-dashboard/,200,finished
https://rallybound.com/break-up-donations-into-monthly-payments/,200,finished
https://rallybound.com/building-culture-technology-nonprofit%e2%80%8a/,200,finished
https://rallybound.com/building-the-next-generation-of-nonprofit/,200,finished
https://rallybound.com/campaign-fundraising-stage/,200,finished
https://rallybound.com/category/company-&-product/,200,finished
https://rallybound.com/category/company-&-product/page/2/,200,finished
https://rallybound.com/category/company-&-product/page/3/,200,finished
https://rallybound.com/category/company-&-product/page/4/,200,finished
https://rallybound.com/category/company-&-product/page/5/,200,finished
https://rallybound.com/category/company-product/,200,finished
https://rallybound.com/category/company-product/page/2/,200,finished
https://rallybound.com/category/company-product/page/3/,200,finished
https://rallybound.com/category/company-product/page/4/,200,finished
https://rallybound.com/category/company-product/page/5/,200,finished
https://rallybound.com/category/fundraising-integrations/,200,finished
https://rallybound.com/category/fundraising-integrations/page/2/,200,finished
https://rallybound.com/category/fundraising-strategies/,200,finished
https://rallybound.com/category/fundraising-strategies/page/10/,200,finished
https://rallybound.com/category/fundraising-strategies/page/11/,200,finished
https://rallybound.com/category/fundraising-strategies/page/12/,200,finished
https://rallybound.com/category/fundraising-strategies/page/13/,200,finished
https://rallybound.com/category/fundraising-strategies/page/2/,200,finished
https://rallybound.com/category/fundraising-strategies/page/3/,200,finished
https://rallybound.com/category/fundraising-strategies/page/4/,200,finished
https://rallybound.com/category/fundraising-strategies/page/5/,200,finished
https://rallybound.com/category/fundraising-strategies/page/6/,200,finished
https://rallybound.com/category/fundraising-strategies/page/7/,200,finished
https://rallybound.com/category/fundraising-strategies/page/8/,200,finished
https://rallybound.com/category/fundraising-strategies/page/9/,200,finished
https://rallybound.com/category/mobile-fundraising/,200,finished
https://rallybound.com/category/mobile-fundraising/page/2/,200,finished
https://rallybound.com/category/peer-to-peer-fundraising/,200,finished
https://rallybound.com/category/peer-to-peer-fundraising/page/2/,200,finished
https://rallybound.com/category/peer-to-peer-fundraising/page/3/,200,finished
https://rallybound.com/category/peer-to-peer-fundraising/page/4/,200,finished
https://rallybound.com/category/peer-to-peer-fundraising/page/5/,200,finished
https://rallybound.com/category/peer-to-peer-fundraising/page/6/,200,finished
https://rallybound.com/category/peer-to-peer-fundraising/page/7/,200,finished
https://rallybound.com/category/peer-to-peer-fundraising/page/8/,200,finished
https://rallybound.com/category/peer-to-peer-fundraising/page/9/,200,finished
https://rallybound.com/cause-technology-retention-sustainable/,200,finished
https://rallybound.com/causeview-optimizing-salesforce-efficiency-for-nonprofits/,200,finished
https://rallybound.com/celebrate-giving-tuesday-with-rallybound/,200,finished
https://rallybound.com/centralization-the-benefits-of-integration/,200,finished
https://rallybound.com/champion-campaigns/,200,finished
https://rallybound.com/charitable-deduction-tax-overhaul/,200,finished
https://rallybound.com/charles-sumner-ward-frank-l-pierce-and-the-ymca/,200,finished
https://rallybound.com/children-hospital-choc-walk/,200,finished
https://rallybound.com/choc-walk-case-study/,200,finished
https://rallybound.com/choc-walk-relaunches/,200,finished
https://rallybound.com/civicore-joins-neon-one,200,finished
https://rallybound.com/civicore-joins-neon-one/,200,finished
https://rallybound.com/comments/feed/,200,finished
https://rallybound.com/common-peer-to-peer-fundraising-concerns-for-2015/,200,finished
https://rallybound.com/complete-system-and-integrations,200,finished
https://rallybound.com/create-custom-email-autoresponders/,200,finished
https://rallybound.com/creative-ways-fundraising-event-sponsorships/,200,finished
https://rallybound.com/crowdfunding-vs-p2p-fundraising-when-to-use/,200,finished
https://rallybound.com/cs-auth-proxy/,200,finished
https://rallybound.com/cystic-fibrosis-foundation-passion-events/,200,finished
https://rallybound.com/decoding-your-data-for-impact/,200,finished
https://rallybound.com/digital-communication-in-peer-to-peer-fundraising/,200,finished
https://rallybound.com/diy-fundraising-nonprofit-campaign/,200,finished
https://rallybound.com/diy-memorial-crowdfunding-campaigns,404,finished
https://rallybound.com/do-donors-need-their-own-dedicated-mobile-apps/,200,finished
https://rallybound.com/doggies-for-anthony/,200,finished
https://rallybound.com/donation-pages-at-the-click-of-a-button/,200,finished
https://rallybound.com/donations-via-twitter-and-what-it-means-for/,200,finished
https://rallybound.com/donor-accounts-report-queuing/,200,finished
https://rallybound.com/donor-covers-fees-feature-update/,200,finished
https://rallybound.com/donor-fatigue-its-impact-and-circumvention/,200,finished
https://rallybound.com/donor-first-perspective-user-experience-in-the/,200,finished
https://rallybound.com/donor-nurturing-with-peer-to-peer-platforms/,200,finished
https://rallybound.com/dont-be-afraid-of-change-why-you-shouldnt-fear/,200,finished
https://rallybound.com/dont-wait-consolidate-grassroots-supporters-onto-platform/,200,finished
https://rallybound.com/dreamforce-2018-nonprofit-cloud/,200,finished
https://rallybound.com/dreamforce-2018-nonprofit-sessions/,200,finished
https://rallybound.com/dreamforce-2018-nonprofits/,200,finished
https://rallybound.com/dreamforce-2019/,200,finished
https://rallybound.com/drip-marketing-tips/,200,finished
https://rallybound.com/drones-fundraising-event/,200,finished
https://rallybound.com/ecards-tribute-donations/,200,finished
https://rallybound.com/effective-board-member/,200,finished
https://rallybound.com/email-is-king-how-we-protect-its-throne/,200,finished
https://rallybound.com/email-stats-are-now-visible-in-your-admin/,200,finished
https://rallybound.com/embed-donation-ticketing-page/,200,finished
https://rallybound.com/endurance-events/,200,finished
https://rallybound.com/endurance-fundraising-campaign-examples/,200,finished
https://rallybound.com/event-fundraising-season-is-upon-us/,200,finished
https://rallybound.com/event-listings/,200,finished
https://rallybound.com/feb-2020-salesforce-webinar/,200,finished
https://rallybound.com/feed/,200,finished
https://rallybound.com/four-reasons-people-fundraise-for-nonprofits/,200,finished
https://rallybound.com/from-orlando-with-insight-p2p15-takeaways/,200,finished
https://rallybound.com/full-event-managers-can-now-schedule-end-times-capacity-ticketed-events/,200,finished
https://rallybound.com/fun-fall-fundraising/,200,finished
https://rallybound.com/fundraiser-feed-brings-facebook-live-fundraising-pages/,200,finished
https://rallybound.com/fundraiser-station/,200,finished
https://rallybound.com/fundraising-acronyms/,200,finished
https://rallybound.com/fundraising-charity-golf-tournament/,200,finished
https://rallybound.com/fundraising-data-migration-nonprofits/,200,finished
https://rallybound.com/fundraising-needs-a-little-money-magic/,200,finished
https://rallybound.com/fundraising-predictions-for-2016/,200,finished
https://rallybound.com/fundraising-questions-nonprofits-dreamforce-2017/,200,finished
https://rallybound.com/fundraising-sms-donations/,200,finished
https://rallybound.com/fundscape-by-rallybound/,200,finished
https://rallybound.com/fuse,404,finished
https://rallybound.com/gala-fundraising/,200,finished
https://rallybound.com/generations-of-supporters/,200,finished
https://rallybound.com/get-going-for-giving-tuesday-with-this-p2p-fundraising-guide-2/,200,finished
https://rallybound.com/get-started/,200,finished
https://rallybound.com/get-started/enterprise/,200,finished
https://rallybound.com/get-started/single-event/,200,finished
https://rallybound.com/get-started/unlimited/,200,finished
https://rallybound.com/giving-to-friends/,200,finished
https://rallybound.com/giving-tuesday-2016-heres-what-6-nonprofits-are-doing/,200,finished
https://rallybound.com/giving-tuesday-2019-ideas/,200,finished
https://rallybound.com/giving-tuesday-ideas/,200,finished
https://rallybound.com/giving-tuesday-recap/,200,finished
https://rallybound.com/giving-tuesday-template/,200,finished
https://rallybound.com/givingtuesday,404,finished
https://rallybound.com/global-station/,200,finished
https://rallybound.com/go2-lung-cancer-foundation-combines-two-peer-to-peer-fundraising-organizations/,200,finished
https://rallybound.com/going-beyond-technology-5-things-fundraisers/,200,finished
https://rallybound.com/google-plus-for-nonprofits/,200,finished
https://rallybound.com/great-infographic-on-charitable-giving-from-hr-block/,200,finished
https://rallybound.com/great-nonprofit-fundraising-email-newsletter-examples/,200,finished
https://rallybound.com/growth-hack-your-nonprofit/,200,finished
https://rallybound.com/happy-holidays-from-rallybound/,200,finished
https://rallybound.com/have-a-ball-4-great-examples-of-gala-fundraising-events-by-nonprofits/,200,finished
https://rallybound.com/healthcare-repeal-fundraising/,200,finished
https://rallybound.com/heartbleed-and-openssl-update/,200,finished
https://rallybound.com/homes-for-our-troops-social-media/,200,finished
https://rallybound.com/how-5-large-nonprofits-use-snapchat/,200,finished
https://rallybound.com/how-egpaf-innovated-with-its-collegiate-p2p/,200,finished
https://rallybound.com/how-gmails-new-tabs-system-affects-nonprofits/,200,finished
https://rallybound.com/how-philanthropy-can-make-you-happy/,200,finished
https://rallybound.com/how-salesforce-rallybound-strengthen-long-term/,200,finished
https://rallybound.com/how-to-give-thanks-to-your-donors-on-rallybound/,200,finished
https://rallybound.com/how-to-incorporate-gamification-on-rallybound/,200,finished
https://rallybound.com/how-to-tell-your-story-on-rallybound/,200,finished
https://rallybound.com/iats-payments-our-newest-payment-processor/,200,finished
https://rallybound.com/import-contacts-via-icloud-linkedin/,200,finished
https://rallybound.com/individual-and-team-nonprofit-fundraiser-software,200,finished
https://rallybound.com/inexpensive-social-media-tools-nonprofit/,200,finished
https://rallybound.com/info/tc,200,finished
https://rallybound.com/infographic-largest-cycling-events-for-charity-in-2016/,200,finished
https://rallybound.com/infographic-top-5-wildest-nonprofit-fundraisers/,200,finished
https://rallybound.com/initial-planning-peer-to-peer-fundraising-campaign/,200,finished
https://rallybound.com/integrations/,200,finished
https://rallybound.com/integrations/all-integrations/,200,finished
https://rallybound.com/integrations/neoncrm-integration/,200,finished
https://rallybound.com/integrations/salesforce-integration/,200,finished
https://rallybound.com/ios-android-fundraising-apps-january-2017/,200,finished
https://rallybound.com/is-a-fundraising-platform-right-for-you/,200,finished
https://rallybound.com/is-diy-fundraising-right-for-you/,200,finished
https://rallybound.com/jerry-lewis-and-the-mda-telethon/,200,finished
https://rallybound.com/jessica-simpson-friendsgiving/,200,finished
https://rallybound.com/lets-start-from-the-beginning/,200,finished
https://rallybound.com/like-a-bolt-were-now-salesforce-lightning-ready/,200,finished
https://rallybound.com/login,3XX,finished
https://rallybound.com/maintaining-donor-retention/,200,finished
https://rallybound.com/make-your-nonprofit-website-a-fundraising-platform/,200,finished
https://rallybound.com/marketing-automation-nonprofit-fundraising,404,finished
https://rallybound.com/marrying-tradition-technology-for-fundraising/,200,finished
https://rallybound.com/media_center/bike4chai-rallybound-case-study/,200,finished
https://rallybound.com/media_center/built-for-canada/,200,finished
https://rallybound.com/media_center/champion-campaigns/,200,finished
https://rallybound.com/media_center/childrens-hospital-of-orange-county-rallybound-case-study/,200,finished
https://rallybound.com/media_center/church-world-service-rallybound-case-study/,200,finished
https://rallybound.com/media_center/how-young-survival-coalition-has-leveraged-rallybound/,200,finished
https://rallybound.com/media_center/mmrf-moves-mountains-with-rallybound/,200,finished
https://rallybound.com/media_center/one-year-is-not-enough-yoy-fundraising-benchmarks/,200,finished
https://rallybound.com/media_center/rallybound-intelligent-templating/,200,finished
https://rallybound.com/media_center/rallybound-nonprofit-fundraising-technology-stack/,200,finished
https://rallybound.com/media_center/rallybound-yoy-fundraising-infographic/,200,finished
https://rallybound.com/media_center/recent-peer-to-peer-fundraising-websites-2019/,200,finished
https://rallybound.com/media_center/the-p2p-fundraising-handbook/,200,finished
https://rallybound.com/media_center/up-4-the-fight-rallybound-case-study/,200,finished
https://rallybound.com/memorial-campaigns-peer-to-peer-professional-forum-conference-2018-wrapup/,200,finished
https://rallybound.com/millennials-nonprofit-fundraising/,200,finished
https://rallybound.com/mmrf-fundraising-campaign-wins-prestigious-award/,200,finished
https://rallybound.com/mobile-fundraising-takes-off/,200,finished
https://rallybound.com/mobile-optimization/,200,finished
https://rallybound.com/moving-cause-connection/,200,finished
https://rallybound.com/multiple-language-translation/,200,finished
https://rallybound.com/my-campaigns-over-what-do-i-do-now/,200,finished
https://rallybound.com/native-mobile-app-nonprofit-fundraising/,200,finished
https://rallybound.com/new-admin-interface-released/,200,finished
https://rallybound.com/new-feature-manage-administrative-access-with/,200,finished
https://rallybound.com/new-nonprofit-image-gallery-video-gallery/,200,finished
https://rallybound.com/new-rallybound-logo/,200,finished
https://rallybound.com/non-profits-get-lean-methodology/,200,finished
https://rallybound.com/nonprofit-art-center-snapchat-fundraising/,200,finished
https://rallybound.com/nonprofit-board-directors-fundraising/,200,finished
https://rallybound.com/nonprofit-donation-payment-software,404,finished
https://rallybound.com/nonprofit-exhibitors-dreamforce-2016/,200,finished
https://rallybound.com/nonprofit-facebook-ads-fundraisers-birthdays/,200,finished
https://rallybound.com/nonprofit-fundraising-product-license-pricing-and-options,200,finished
https://rallybound.com/nonprofit-sessions-dreamforce-2017/,200,finished
https://rallybound.com/nonprofit-technology-stack-cms/,200,finished
https://rallybound.com/nonprofit-technology-stack-email-marketing-automation/,200,finished
https://rallybound.com/nonprofit-transparency-is-hard-work-but-always/,200,finished
https://rallybound.com/nonprofit-tribute-memorial-fundraising/,200,finished
https://rallybound.com/nonprofit-volunteer-uniforms/,200,finished
https://rallybound.com/nonprofits-from-startup-incubator-talk-about-their/,200,finished
https://rallybound.com/nonprofits-fundraisers-install-apps/,200,finished
https://rallybound.com/nonprofits-givingtuesday-campaigns-early/,200,finished
https://rallybound.com/nonprofits-lets-have-an-honest-chat/,200,finished
https://rallybound.com/nonprofits-should-help-fitness-participants-train/,200,finished
https://rallybound.com/nten-ntc-nonprofit-technology-stack-crm/,200,finished
https://rallybound.com/nten-ntc-payment-processors/,200,finished
https://rallybound.com/one-click-donations/,200,finished
https://rallybound.com/one-month-of-the-als-ice-bucket-challenge/,200,finished
https://rallybound.com/online-donations-on-the-rise-only-part-of-the/,200,finished
https://rallybound.com/online-mobile-tablet/,200,finished
https://rallybound.com/opportunities-abound-for-smaller-npos-in-online/,200,finished
https://rallybound.com/orlando-here-we-come/,200,finished
https://rallybound.com/our-fundraising-platform-is-now-hosted-on-microsoft-azure/,200,finished
https://rallybound.com/our-salesforce-app-explained/,200,finished
https://rallybound.com/p2p,200,finished
https://rallybound.com/p2p-board-checklist/,200,finished
https://rallybound.com/p2p-professional-forum-conference-2018-speakers-jordan-winn-colorectal-cancer-alliance,200,finished
https://rallybound.com/p2p-professional-forum-conference-2018-speakers-jordan-winn-colorectal-cancer-alliance/,200,finished
https://rallybound.com/p2p-pros-egpafs-sydney-van-horn/,200,finished
https://rallybound.com/p2p-pros-home-for-our-troops-cara-yanosick/,200,finished
https://rallybound.com/p2p-pros-sos-childrens-village-lora-sodini/,200,finished
https://rallybound.com/p2p-pros-young-survival-coalitions-kay-pruett/,200,finished
https://rallybound.com/partial-refunds-and-expanded-support-for-international-donations/,200,finished
https://rallybound.com/participant-registration/,200,finished
https://rallybound.com/partner-spotlight-double-the-donation-and-matching-donations/,200,finished
https://rallybound.com/pci-dss-level-1-certification/,200,finished
https://rallybound.com/pdf-attachments/,200,finished
https://rallybound.com/peer-to-peer-fundraising-tips/,200,finished
https://rallybound.com/peer-to-peer-pro-forum-conference-2017/,200,finished
https://rallybound.com/peer-to-peer-professional-forum-conference-2018-jane-hoffman/,200,finished
https://rallybound.com/peer-to-peer-professional-forum-conference-2019/,200,finished
https://rallybound.com/personal-fundraising-tips-momentum/,200,finished
https://rallybound.com/personalize-fundraising/,200,finished
https://rallybound.com/predictions-nonprofit-digital-fundraising-2017/,200,finished
https://rallybound.com/prevent-cancer-5k-grows-by-58/,200,finished
https://rallybound.com/pricing/,200,finished
https://rallybound.com/product-update-june-2014/,200,finished
https://rallybound.com/product-update-st-paddys-day-edition/,200,finished
https://rallybound.com/promote-via-text-sms-on-iphone-and-android/,200,finished
https://rallybound.com/psychology-technology-the-perfect-mixture/,200,finished
https://rallybound.com/quantifying-donor-impact/,200,finished
https://rallybound.com/rallybound-among-first-nonprofit-fundraising-platforms-accept-apple-pay/,200,finished
https://rallybound.com/rallybound-boundless-fundraising-a-dream/,200,finished
https://rallybound.com/rallybound-feature-update/,200,finished
https://rallybound.com/rallybound-features-that-make-your-fundraising-soar/,200,finished
https://rallybound.com/rallybound-features-we-added-in-2015/,200,finished
https://rallybound.com/rallybound-for-givingtuesday/,200,finished
https://rallybound.com/rallybound-joins-neon-one/,200,finished
https://rallybound.com/rallybound-mailchimp-integration/,200,finished
https://rallybound.com/rallybound-nationbuilder-combine-for-mission/,200,finished
https://rallybound.com/rallybound-now-an-official-salesforce-isv-partner/,200,finished
https://rallybound.com/rallybound-now-available-in-the-oracle-cloud/,200,finished
https://rallybound.com/rallybound-now-integrates-with-dropbox/,200,finished
https://rallybound.com/rallybound-now-integrates-with-salesforce-ngo/,200,finished
https://rallybound.com/rallybound-platform-passes-1-million-users-all-time/,200,finished
https://rallybound.com/rallybound-salesforce-integration,200,finished
https://rallybound.com/rallybound-social-fundraising-now-on-nationbuilder/,200,finished
https://rallybound.com/rallybounds-resolutions-for-2015/,200,finished
https://rallybound.com/reactivating-donors-cookies-for-kids-cancer-and/,200,finished
https://rallybound.com/rebuilding-together-designated-giving/,200,finished
https://rallybound.com/recommitment-feature-addresses-modern-fundraising/,200,finished
https://rallybound.com/reconnect-past-participants-fundraisers-donors/,200,finished
https://rallybound.com/recruit-retain-endurance-events/,200,finished
https://rallybound.com/recurring-donations-fundraising-campaign-embed/,200,finished
https://rallybound.com/recurring-donations-revenue-retainment-in-one/,200,finished
https://rallybound.com/refine-responsibilities-and-focus-with-automation/,200,finished
https://rallybound.com/registration-notifications-returning-fundraisers/,200,finished
https://rallybound.com/resources/,404,finished
https://rallybound.com/resources/blog/,200,finished
https://rallybound.com/resources/blog/page/10/,200,finished
https://rallybound.com/resources/blog/page/11/,200,finished
https://rallybound.com/resources/blog/page/12/,200,finished
https://rallybound.com/resources/blog/page/13/,200,finished
https://rallybound.com/resources/blog/page/14/,200,finished
https://rallybound.com/resources/blog/page/15/,200,finished
https://rallybound.com/resources/blog/page/16/,200,finished
https://rallybound.com/resources/blog/page/17/,200,finished
https://rallybound.com/resources/blog/page/18/,200,finished
https://rallybound.com/resources/blog/page/19/,200,finished
https://rallybound.com/resources/blog/page/2/,200,finished
https://rallybound.com/resources/blog/page/20/,200,finished
https://rallybound.com/resources/blog/page/21/,200,finished
https://rallybound.com/resources/blog/page/22/,200,finished
https://rallybound.com/resources/blog/page/23/,200,finished
https://rallybound.com/resources/blog/page/24/,200,finished
https://rallybound.com/resources/blog/page/25/,200,finished
https://rallybound.com/resources/blog/page/26/,200,finished
https://rallybound.com/resources/blog/page/27/,200,finished
https://rallybound.com/resources/blog/page/28/,200,finished
https://rallybound.com/resources/blog/page/29/,200,finished
https://rallybound.com/resources/blog/page/3/,200,finished
https://rallybound.com/resources/blog/page/30/,200,finished
https://rallybound.com/resources/blog/page/31/,200,finished
https://rallybound.com/resources/blog/page/32/,200,finished
https://rallybound.com/resources/blog/page/4/,200,finished
https://rallybound.com/resources/blog/page/5/,200,finished
https://rallybound.com/resources/blog/page/6/,200,finished
https://rallybound.com/resources/blog/page/7/,200,finished
https://rallybound.com/resources/blog/page/8/,200,finished
https://rallybound.com/resources/blog/page/9/,200,finished
https://rallybound.com/resources/stories/,200,finished
https://rallybound.com/resources_categories/client-case-studies/,200,finished
https://rallybound.com/resources_categories/company-feature-information/,200,finished
https://rallybound.com/resources_categories/ebooks/,200,finished
https://rallybound.com/resources_categories/guides/,200,finished
https://rallybound.com/salesforce-app-and-integration/,200,finished
https://rallybound.com/salesforce-app-webinar-with-cloud-4-good/,200,finished
https://rallybound.com/salesforce-appexchange-new-look/,200,finished
https://rallybound.com/salesforce-duplicates-recurring-donations/,200,finished
https://rallybound.com/salesforce-nonprofit-fundraising-2019/,200,finished
https://rallybound.com/salesforce-peer-to-peer-fundraising/,200,finished
https://rallybound.com/salesforce-puerto-rico-relief/,200,finished
https://rallybound.com/santa-christmas-fundraisers/,200,finished
https://rallybound.com/santa-fe-qr-code/,200,finished
https://rallybound.com/self-service-ticketing-pages-impact-now-not/,200,finished
https://rallybound.com/setting-and-evaluating-your-peer-to-peer-fundraising-strategy/,200,finished
https://rallybound.com/short-history-walkathon/,200,finished
https://rallybound.com/show-your-match-matching-donation/,200,finished
https://rallybound.com/sign-in-with-apple-privacy-nonprofit/,200,finished
https://rallybound.com/site-builder-fundraising-website-design/,200,finished
https://rallybound.com/six-ways-fundraising-is-like-going-to-the-gym/,200,finished
https://rallybound.com/solutions/,200,finished
https://rallybound.com/solutions/donor-station/,200,finished
https://rallybound.com/solutions/fundraiser-station/,200,finished
https://rallybound.com/solutions/global-station/,200,finished
https://rallybound.com/solutions/participant-registration/,200,finished
https://rallybound.com/solutions/staff-station/,200,finished
https://rallybound.com/some-diy-fundraising-examples-to-get-you-started/,200,finished
https://rallybound.com/some-optimism-for-post-recession-fundraising/,200,finished
https://rallybound.com/staff-station/,200,finished
https://rallybound.com/stories/,200,finished
https://rallybound.com/stories/bike-4-chai-case-study/,200,finished
https://rallybound.com/stories/crop-hunger-walk-bridging-the-generational-divide/,200,finished
https://rallybound.com/summer-is-here-time-to-assess-your-fundraising/,200,finished
https://rallybound.com/sxsw-2019-nonprofit-talk/,200,finished
https://rallybound.com/sync-rallybound-with-constant-contact/,200,finished
https://rallybound.com/tag/2016/,200,finished
https://rallybound.com/tag/2016predictions/,200,finished
https://rallybound.com/tag/2017/,200,finished
https://rallybound.com/tag/2018/,200,finished
https://rallybound.com/tag/3rd-party-fundraising/,200,finished
https://rallybound.com/tag/4th-of-july/,200,finished
https://rallybound.com/tag/addiction/,200,finished
https://rallybound.com/tag/ads/,200,finished
https://rallybound.com/tag/affordable-care-act/,200,finished
https://rallybound.com/tag/africa/,200,finished
https://rallybound.com/tag/amply/,200,finished
https://rallybound.com/tag/analytics/,200,finished
https://rallybound.com/tag/android-pay/,200,finished
https://rallybound.com/tag/android/,200,finished
https://rallybound.com/tag/animal-welfare/,200,finished
https://rallybound.com/tag/api/,200,finished
https://rallybound.com/tag/appexchange/,200,finished
https://rallybound.com/tag/apple-pay/,200,finished
https://rallybound.com/tag/apple/,200,finished
https://rallybound.com/tag/approach/,200,finished
https://rallybound.com/tag/apps/,200,finished
https://rallybound.com/tag/arts/,200,finished
https://rallybound.com/tag/austin/,200,finished
https://rallybound.com/tag/azure/,200,finished
https://rallybound.com/tag/ball/,200,finished
https://rallybound.com/tag/bike/,200,finished
https://rallybound.com/tag/bill-graham/,200,finished
https://rallybound.com/tag/birthday/,200,finished
https://rallybound.com/tag/blogging/,200,finished
https://rallybound.com/tag/board-members/,200,finished
https://rallybound.com/tag/board/,200,finished
https://rallybound.com/tag/branding/,200,finished
https://rallybound.com/tag/business/,200,finished
https://rallybound.com/tag/campaign/,200,finished
https://rallybound.com/tag/canada/,200,finished
https://rallybound.com/tag/case-study/,200,finished
https://rallybound.com/tag/cause-marketing/,200,finished
https://rallybound.com/tag/ccpa/,200,finished
https://rallybound.com/tag/chai-lifeline/,200,finished
https://rallybound.com/tag/chai/,200,finished
https://rallybound.com/tag/charity-dynamics/,200,finished
https://rallybound.com/tag/charity/,200,finished
https://rallybound.com/tag/charity/page/2/,200,finished
https://rallybound.com/tag/childrens-hospital/,200,finished
https://rallybound.com/tag/choc/,200,finished
https://rallybound.com/tag/christmas/,200,finished
https://rallybound.com/tag/civicore/,200,finished
https://rallybound.com/tag/cloud/,200,finished
https://rallybound.com/tag/cloud4good/,200,finished
https://rallybound.com/tag/cms/,200,finished
https://rallybound.com/tag/conference/,200,finished
https://rallybound.com/tag/constant-contact/,200,finished
https://rallybound.com/tag/content-marketing/,200,finished
https://rallybound.com/tag/cookies-for-kids-cancer/,200,finished
https://rallybound.com/tag/copywriting/,200,finished
https://rallybound.com/tag/creative/,200,finished
https://rallybound.com/tag/crm/,200,finished
https://rallybound.com/tag/crowdfunding/,200,finished
https://rallybound.com/tag/crowdfunding/page/2/,200,finished
https://rallybound.com/tag/crowdfunding/page/3/,200,finished
https://rallybound.com/tag/currency/,200,finished
https://rallybound.com/tag/cycling/,200,finished
https://rallybound.com/tag/cystic-fibrosis/,200,finished
https://rallybound.com/tag/data/,200,finished
https://rallybound.com/tag/design/,200,finished
https://rallybound.com/tag/df15/,200,finished
https://rallybound.com/tag/digital-fundraising/,200,finished
https://rallybound.com/tag/digital/,200,finished
https://rallybound.com/tag/disneyland/,200,finished
https://rallybound.com/tag/disruption/,200,finished
https://rallybound.com/tag/diy-fundraising/,200,finished
https://rallybound.com/tag/diy/,200,finished
https://rallybound.com/tag/do-it-yourself/,200,finished
https://rallybound.com/tag/doggies-for-anthony/,200,finished
https://rallybound.com/tag/donatedouble/,200,finished
https://rallybound.com/tag/donation-page/,200,finished
https://rallybound.com/tag/donation/,200,finished
https://rallybound.com/tag/donations/,200,finished
https://rallybound.com/tag/donations/page/2/,200,finished
https://rallybound.com/tag/donor-retention/,200,finished
https://rallybound.com/tag/donorimpact/,200,finished
https://rallybound.com/tag/donors/,200,finished
https://rallybound.com/tag/dreamforce/,200,finished
https://rallybound.com/tag/dreamforce/page/2/,200,finished
https://rallybound.com/tag/drones/,200,finished
https://rallybound.com/tag/dropbox/,200,finished
https://rallybound.com/tag/drupal/,200,finished
https://rallybound.com/tag/dynamic/,200,finished
https://rallybound.com/tag/ecards/,200,finished
https://rallybound.com/tag/ecommerce/,200,finished
https://rallybound.com/tag/email-marketing/,200,finished
https://rallybound.com/tag/email/,200,finished
https://rallybound.com/tag/embed/,200,finished
https://rallybound.com/tag/endurance-challenge/,200,finished
https://rallybound.com/tag/endurance/,200,finished
https://rallybound.com/tag/events/,200,finished
https://rallybound.com/tag/everest/,200,finished
https://rallybound.com/tag/facebook-live/,200,finished
https://rallybound.com/tag/facebook/,200,finished
https://rallybound.com/tag/fall/,200,finished
https://rallybound.com/tag/features/,200,finished
https://rallybound.com/tag/feed/,200,finished
https://rallybound.com/tag/fitness/,200,finished
https://rallybound.com/tag/football/,200,finished
https://rallybound.com/tag/foundation/,200,finished
https://rallybound.com/tag/friendsgiving/,200,finished
https://rallybound.com/tag/ftc/,200,finished
https://rallybound.com/tag/fuji/,200,finished
https://rallybound.com/tag/fundraise/,200,finished
https://rallybound.com/tag/fundraiser/,200,finished
https://rallybound.com/tag/fundraiser/page/2/,200,finished
https://rallybound.com/tag/fundraisers/,200,finished
https://rallybound.com/tag/fundraising/,200,finished
https://rallybound.com/tag/fundraising/page/10/,200,finished
https://rallybound.com/tag/fundraising/page/11/,200,finished
https://rallybound.com/tag/fundraising/page/12/,200,finished
https://rallybound.com/tag/fundraising/page/13/,200,finished
https://rallybound.com/tag/fundraising/page/2/,200,finished
https://rallybound.com/tag/fundraising/page/3/,200,finished
https://rallybound.com/tag/fundraising/page/4/,200,finished
https://rallybound.com/tag/fundraising/page/5/,200,finished
https://rallybound.com/tag/fundraising/page/6/,200,finished
https://rallybound.com/tag/fundraising/page/7/,200,finished
https://rallybound.com/tag/fundraising/page/8/,200,finished
https://rallybound.com/tag/fundraising/page/9/,200,finished
https://rallybound.com/tag/fundraisng/,200,finished
https://rallybound.com/tag/fundrasing/,200,finished
https://rallybound.com/tag/fundrasing/page/2/,200,finished
https://rallybound.com/tag/futbol/,200,finished
https://rallybound.com/tag/gala/,200,finished
https://rallybound.com/tag/gamification/,200,finished
https://rallybound.com/tag/gdpr/,200,finished
https://rallybound.com/tag/giving-days/,200,finished
https://rallybound.com/tag/giving-tuesday/,200,finished
https://rallybound.com/tag/givingtuesday/,200,finished
https://rallybound.com/tag/gmail/,200,finished
https://rallybound.com/tag/golf-tournament/,200,finished
https://rallybound.com/tag/golf/,200,finished
https://rallybound.com/tag/growth-hacking/,200,finished
https://rallybound.com/tag/growth/,200,finished
https://rallybound.com/tag/gym/,200,finished
https://rallybound.com/tag/halloween/,200,finished
https://rallybound.com/tag/healthcare/,200,finished
https://rallybound.com/tag/hiking/,200,finished
https://rallybound.com/tag/history/,200,finished
https://rallybound.com/tag/holiday/,200,finished
https://rallybound.com/tag/homesforourtroops/,200,finished
https://rallybound.com/tag/hospital/,200,finished
https://rallybound.com/tag/humane-society/,200,finished
https://rallybound.com/tag/hurricane-maria/,200,finished
https://rallybound.com/tag/infographic/,200,finished
https://rallybound.com/tag/infographics/,200,finished
https://rallybound.com/tag/innovation/,200,finished
https://rallybound.com/tag/inspirational/,200,finished
https://rallybound.com/tag/instagram/,200,finished
https://rallybound.com/tag/integration/,200,finished
https://rallybound.com/tag/ios/,200,finished
https://rallybound.com/tag/isv/,200,finished
https://rallybound.com/tag/jerry-lewis/,200,finished
https://rallybound.com/tag/jessica-simpson/,200,finished
https://rallybound.com/tag/jonah-berger/,200,finished
https://rallybound.com/tag/lightning/,200,finished
https://rallybound.com/tag/logo/,200,finished
https://rallybound.com/tag/loyalty-marketing/,200,finished
https://rallybound.com/tag/lung-cancer/,200,finished
https://rallybound.com/tag/mailchimp/,200,finished
https://rallybound.com/tag/marathon/,200,finished
https://rallybound.com/tag/marketing-automation/,200,finished
https://rallybound.com/tag/marketing-strategy/,200,finished
https://rallybound.com/tag/marketing/,200,finished
https://rallybound.com/tag/martha-stewart/,200,finished
https://rallybound.com/tag/match/,200,finished
https://rallybound.com/tag/matching-donations/,200,finished
https://rallybound.com/tag/matching-gifts/,200,finished
https://rallybound.com/tag/matching/,200,finished
https://rallybound.com/tag/mda/,200,finished
https://rallybound.com/tag/medium/,200,finished
https://rallybound.com/tag/memorial/,200,finished
https://rallybound.com/tag/memorials/,200,finished
https://rallybound.com/tag/messaging/,200,finished
https://rallybound.com/tag/metrics/,200,finished
https://rallybound.com/tag/miami/,200,finished
https://rallybound.com/tag/microsoft/,200,finished
https://rallybound.com/tag/millennial/,200,finished
https://rallybound.com/tag/millennials/,200,finished
https://rallybound.com/tag/mmrf/,200,finished
https://rallybound.com/tag/mobile-app/,200,finished
https://rallybound.com/tag/mobile/,200,finished
https://rallybound.com/tag/mobilefundraising/,200,finished
https://rallybound.com/tag/momentum/,200,finished
https://rallybound.com/tag/multiple-myeloma/,200,finished
https://rallybound.com/tag/multitasking/,200,finished
https://rallybound.com/tag/nationbuilder/,200,finished
https://rallybound.com/tag/natural-language/,200,finished
https://rallybound.com/tag/neon-one/,200,finished
https://rallybound.com/tag/neoncrm/,200,finished
https://rallybound.com/tag/new-orleans/,200,finished
https://rallybound.com/tag/new-years/,200,finished
https://rallybound.com/tag/new-york-city/,200,finished
https://rallybound.com/tag/newsletter/,200,finished
https://rallybound.com/tag/ngo/,200,finished
https://rallybound.com/tag/nonprofit/,200,finished
https://rallybound.com/tag/nonprofit/page/2/,200,finished
https://rallybound.com/tag/nonprofit/page/3/,200,finished
https://rallybound.com/tag/nonprofit/page/4/,200,finished
https://rallybound.com/tag/nonprofit/page/5/,200,finished
https://rallybound.com/tag/nonprofit/page/6/,200,finished
https://rallybound.com/tag/nonprofit/page/7/,200,finished
https://rallybound.com/tag/nonprofit/page/8/,200,finished
https://rallybound.com/tag/nonprofits/,200,finished
https://rallybound.com/tag/npo/,200,finished
https://rallybound.com/tag/npo/page/2/,200,finished
https://rallybound.com/tag/nptech/,200,finished
https://rallybound.com/tag/nptech/page/2/,200,finished
https://rallybound.com/tag/nptech/page/3/,200,finished
https://rallybound.com/tag/nptech/page/4/,200,finished
https://rallybound.com/tag/ntc/,200,finished
https://rallybound.com/tag/nten/,200,finished
https://rallybound.com/tag/onboarding/,200,finished
https://rallybound.com/tag/online-fundraising/,200,finished
https://rallybound.com/tag/online-fundraising/page/2/,200,finished
https://rallybound.com/tag/online-fundraising/page/3/,200,finished
https://rallybound.com/tag/onlinefundraising/,200,finished
https://rallybound.com/tag/optimization/,200,finished
https://rallybound.com/tag/oracle/,200,finished
https://rallybound.com/tag/organ-donor/,200,finished
https://rallybound.com/tag/organizational-development/,200,finished
https://rallybound.com/tag/p2p-fundraising/,200,finished
https://rallybound.com/tag/p2p-fundriaing/,200,finished
https://rallybound.com/tag/p2p/,200,finished
https://rallybound.com/tag/p2pforum/,200,finished
https://rallybound.com/tag/partners/,200,finished
https://rallybound.com/tag/partnership/,200,finished
https://rallybound.com/tag/party/,200,finished
https://rallybound.com/tag/passion/,200,finished
https://rallybound.com/tag/past/,200,finished
https://rallybound.com/tag/payment-plan/,200,finished
https://rallybound.com/tag/payment-processors/,200,finished
https://rallybound.com/tag/payments/,200,finished
https://rallybound.com/tag/pci/,200,finished
https://rallybound.com/tag/pdf/,200,finished
https://rallybound.com/tag/peer-to-peer-fundraising/,200,finished
https://rallybound.com/tag/peer-to-peer/,200,finished
https://rallybound.com/tag/peer-to-peer/page/2/,200,finished
https://rallybound.com/tag/personalized-marketing/,200,finished
https://rallybound.com/tag/pets/,200,finished
https://rallybound.com/tag/placeholders/,200,finished
https://rallybound.com/tag/platform/,200,finished
https://rallybound.com/tag/predictions/,200,finished
https://rallybound.com/tag/privacy/,200,finished
https://rallybound.com/tag/pro-forum/,200,finished
https://rallybound.com/tag/processor/,200,finished
https://rallybound.com/tag/product/,200,finished
https://rallybound.com/tag/profile/,200,finished
https://rallybound.com/tag/psychology/,200,finished
https://rallybound.com/tag/puerto-rico/,200,finished
https://rallybound.com/tag/rallybound/,200,finished
https://rallybound.com/tag/reconnect/,200,finished
https://rallybound.com/tag/recurring/,200,finished
https://rallybound.com/tag/refunds/,200,finished
https://rallybound.com/tag/registration/,200,finished
https://rallybound.com/tag/relaunch/,200,finished
https://rallybound.com/tag/resolution/,200,finished
https://rallybound.com/tag/retention/,200,finished
https://rallybound.com/tag/revenue/,200,finished
https://rallybound.com/tag/review/,200,finished
https://rallybound.com/tag/ride/,200,finished
https://rallybound.com/tag/running/,200,finished
https://rallybound.com/tag/saas/,200,finished
https://rallybound.com/tag/salesforce/,200,finished
https://rallybound.com/tag/salesforce/page/2/,200,finished
https://rallybound.com/tag/salesforce/page/3/,200,finished
https://rallybound.com/tag/santa/,200,finished
https://rallybound.com/tag/seating/,200,finished
https://rallybound.com/tag/sharkweek/,200,finished
https://rallybound.com/tag/smartphone/,200,finished
https://rallybound.com/tag/sms/,200,finished
https://rallybound.com/tag/snapchat/,200,finished
https://rallybound.com/tag/soccer/,200,finished
https://rallybound.com/tag/social-enterprise/,200,finished
https://rallybound.com/tag/social-fundraising/,200,finished
https://rallybound.com/tag/social-media/,200,finished
https://rallybound.com/tag/social/,200,finished
https://rallybound.com/tag/software/,200,finished
https://rallybound.com/tag/south-america/,200,finished
https://rallybound.com/tag/sponsors/,200,finished
https://rallybound.com/tag/sponsorship/,200,finished
https://rallybound.com/tag/sso/,200,finished
https://rallybound.com/tag/startup/,200,finished
https://rallybound.com/tag/startups/,200,finished
https://rallybound.com/tag/storytelling/,200,finished
https://rallybound.com/tag/strategic-planning/,200,finished
https://rallybound.com/tag/strategies/,200,finished
https://rallybound.com/tag/sxsw/,200,finished
https://rallybound.com/tag/tactics/,200,finished
https://rallybound.com/tag/tax-laws/,200,finished
https://rallybound.com/tag/tax/,200,finished
https://rallybound.com/tag/taxes/,200,finished
https://rallybound.com/tag/technology/,200,finished
https://rallybound.com/tag/telethon/,200,finished
https://rallybound.com/tag/texting/,200,finished
https://rallybound.com/tag/texts/,200,finished
https://rallybound.com/tag/thanksgiving/,200,finished
https://rallybound.com/tag/ticketing/,200,finished
https://rallybound.com/tag/tiktok/,200,finished
https://rallybound.com/tag/tips/,200,finished
https://rallybound.com/tag/tools/,200,finished
https://rallybound.com/tag/tracking/,200,finished
https://rallybound.com/tag/translate/,200,finished
https://rallybound.com/tag/translation/,200,finished
https://rallybound.com/tag/transparent/,200,finished
https://rallybound.com/tag/trek/,200,finished
https://rallybound.com/tag/tribute/,200,finished
https://rallybound.com/tag/tributes/,200,finished
https://rallybound.com/tag/triggers/,200,finished
https://rallybound.com/tag/trump/,200,finished
https://rallybound.com/tag/turkey-trot/,200,finished
https://rallybound.com/tag/twitter/,200,finished
https://rallybound.com/tag/uniform/,200,finished
https://rallybound.com/tag/updates/,200,finished
https://rallybound.com/tag/user-engagement/,200,finished
https://rallybound.com/tag/veterans/,200,finished
https://rallybound.com/tag/veteransday/,200,finished
https://rallybound.com/tag/video/,200,finished
https://rallybound.com/tag/viral-marketing/,200,finished
https://rallybound.com/tag/viral/,200,finished
https://rallybound.com/tag/virtual-event/,200,finished
https://rallybound.com/tag/virtual-reality/,200,finished
https://rallybound.com/tag/vr/,200,finished
https://rallybound.com/tag/walkathon/,200,finished
https://rallybound.com/tag/webinar/,200,finished
https://rallybound.com/tag/website/,200,finished
https://rallybound.com/tag/wepay/,200,finished
https://rallybound.com/tag/wordpress/,200,finished
https://rallybound.com/tag/world-cup/,200,finished
https://rallybound.com/tag/year-end/,200,finished
https://rallybound.com/tag/year-in-review/,200,finished
https://rallybound.com/tag/ymca/,200,finished
https://rallybound.com/tag/young-professional/,200,finished
https://rallybound.com/team-expands-new-hires-nyc-office/,200,finished
https://rallybound.com/template-system-update/,200,finished
https://rallybound.com/the-alliance-of-marketing-development-it-is/,200,finished
https://rallybound.com/the-anatomy-of-a-peer-to-peer-ask/,200,finished
https://rallybound.com/the-beauty-of-salesforce-and-a-good-integration/,200,finished
https://rallybound.com/the-before-and-after-of-nonprofit-fundraising-campaigns/,200,finished
https://rallybound.com/the-case-for-your-own-fundraising-platform/,200,finished
https://rallybound.com/the-growth-of-online-versus-offline/,200,finished
https://rallybound.com/the-new-donor/,200,finished
https://rallybound.com/the-next-10-years-in-digital-fundraising/,200,finished
https://rallybound.com/the-power-of-humility-and-gratitude-open-arms-of/,200,finished
https://rallybound.com/the-recipe-for-great-social-fundraising-in-2015/,200,finished
https://rallybound.com/third-party-fundraising-for-nonprofits,404,finished
https://rallybound.com/thoughts-from-the-ftcs-fintech-forum-on-crowdfunding/,200,finished
https://rallybound.com/three-ways-nonprofits-can-avoid-being-dumped-into/,200,finished
https://rallybound.com/top-10-nonprofit-events-of-2013-infographic/,200,finished
https://rallybound.com/top-10-single-largest-nonprofit-fundraising-events/,200,finished
https://rallybound.com/top-5-salesforce-apps-for-nonprofits/,200,finished
https://rallybound.com/turkey-trot-takeover-shatterproofs-diy-thanksgiving-fundraising-campaign/,200,finished
https://rallybound.com/turkey-trot/,200,finished
https://rallybound.com/u4tf,404,finished
https://rallybound.com/user-profile/,200,finished
https://rallybound.com/we-just-made-it-easier-for-returning-fundraisers/,200,finished
https://rallybound.com/what-a-virtual-dance-party-near-the-hollywood-sign/,200,finished
https://rallybound.com/what-can-nonprofits-learn-from-icebucket-challenge/,200,finished
https://rallybound.com/whole-whale-podcast/,200,finished
https://rallybound.com/why-nonprofits-should-consider-using-medium-for-fundraising/,200,finished
https://rallybound.com/why-rallybound/,200,finished
https://rallybound.com/why-to-choose-rallybound-as-fundraising-platform,200,finished
https://rallybound.com/wp-login.php,200,finished
https://rallybound.com/yahoo-updates-rallybound-iterates/,200,finished
https://rallybound.com/year-review-2016/,200,finished
https://rallybound.com/young-professionals-boards-are-worth-the-effort/,200,finished
https://rallybound.com/young-survival-coalition-case-study/,200,finished