url,crawled
https://neonone.com/2020-nonprofit-leadership-impact-study/,TRUE
https://neonone.com/capital-campaigns-during-covid-19/,TRUE
https://neonone.com/december-2019-giving-report/,TRUE
https://neonone.com/engage-board-members-in-fundraising/,TRUE
https://neonone.com/get-a-free-trial-neoncrm/,TRUE
https://neonone.com/mission/our-team/,TRUE
https://neonone.com/our-partners/developer-tools/,TRUE
https://neonone.com/our-partners/directory/,TRUE
https://neonone.com/page-not-found/,TRUE
https://neonone.com/partners/backoffice-thinking/,TRUE
https://neonone.com/partners/bartel-communications-inc/,TRUE
https://neonone.com/partners/boodleai/,TRUE
https://neonone.com/partners/bristol-strategy-group/,TRUE
https://neonone.com/partners/c-change-consulting/,TRUE
https://neonone.com/partners/causevid/,TRUE
https://neonone.com/partners/charity-dynamics/,TRUE
https://neonone.com/partners/charity-studio/,TRUE
https://neonone.com/partners/chicago-fundraising-accelerator/,TRUE
https://neonone.com/partners/clickbid/,TRUE
https://neonone.com/partners/communityconnective/,TRUE
https://neonone.com/partners/constant-contact/,TRUE
https://neonone.com/partners/continue-to-give/,TRUE
https://neonone.com/partners/cougar-mountain-software/,TRUE
https://neonone.com/partners/cuseum/,TRUE
https://neonone.com/partners/development-consulting-solutions/,TRUE
https://neonone.com/partners/dig-in-enterprises/,TRUE
https://neonone.com/partners/donorhub/,TRUE
https://neonone.com/partners/donorsearch/,TRUE
https://neonone.com/partners/donortrends/,TRUE
https://neonone.com/partners/double-the-donation/,TRUE
https://neonone.com/partners/ebcfo-the-emerging-business-cfo/,TRUE
https://neonone.com/partners/eventbrite/,TRUE
https://neonone.com/partners/example/,TRUE
https://neonone.com/partners/firefly-partners/,TRUE
https://neonone.com/partners/gail-perry-associates/,TRUE
https://neonone.com/partners/garrett-consulting/,TRUE
https://neonone.com/partners/givebee/,TRUE
https://neonone.com/partners/giving-day-guy/,TRUE
https://neonone.com/partners/glowstone-consulting/,TRUE
https://neonone.com/partners/grassroots-unwired/,TRUE
https://neonone.com/partners/harbor-compliance/,TRUE
https://neonone.com/partners/higher-logic/,TRUE
https://neonone.com/partners/human-workplaces/,TRUE
https://neonone.com/partners/julia-campbell/,TRUE
https://neonone.com/partners/logisoft-nonprofit-consulting/,TRUE
https://neonone.com/partners/mailchimp/,TRUE
https://neonone.com/partners/mark-becker/,TRUE
https://neonone.com/partners/mccord-consulting-group/,TRUE
https://neonone.com/partners/melissa-russom-consulting/,TRUE
https://neonone.com/partners/missionbox-inc/,TRUE
https://neonone.com/partners/mockingbird-analytics/,TRUE
https://neonone.com/partners/nonprofit-ist/,TRUE
https://neonone.com/partners/one-click-politics/,TRUE
https://neonone.com/partners/pamela-grow-consulting/,TRUE
https://neonone.com/partners/pwrdby/,TRUE
https://neonone.com/partners/quickbooks-made-easy/,TRUE
https://neonone.com/partners/quickbooks/,TRUE
https://neonone.com/partners/redarc/,TRUE
https://neonone.com/partners/relationships-matter-now/,TRUE
https://neonone.com/partners/rudd-resources-llc/,TRUE
https://neonone.com/partners/salesforce/,TRUE
https://neonone.com/partners/sidekick-solutions-llc/,TRUE
https://neonone.com/partners/strategic-fundraising-advisors/,TRUE
https://neonone.com/partners/stronger-u-nutrition/,TRUE
https://neonone.com/partners/tech-impact/,TRUE
https://neonone.com/partners/the-adaway-group/,TRUE
https://neonone.com/partners/the-concord-leadership-group-llc/,TRUE
https://neonone.com/partners/the-giving-block/,TRUE
https://neonone.com/partners/the-killoe-group/,TRUE
https://neonone.com/partners/the-mudita-collective/,TRUE
https://neonone.com/partners/tiltify/,TRUE
https://neonone.com/partners/truegivers/,TRUE
https://neonone.com/partners/txt180/,TRUE
https://neonone.com/partners/ujoin/,TRUE
https://neonone.com/partners/volunteerlocal/,TRUE
https://neonone.com/partners/wedo-charity-auctions/,TRUE
https://neonone.com/partners/whole-whale/,TRUE
https://neonone.com/partners/windfall-data/,TRUE
https://neonone.com/partners/zapier/,TRUE
https://neonone.com/personal-demo-rallybound/,TRUE
https://neonone.com/privacypolicy/,TRUE
https://neonone.com/productterms/,TRUE
https://neonone.com/rallybound-product-terms/,TRUE
https://neonone.com/rallybound-virtual-fundraising/,TRUE
https://neonone.com/rallybound/,TRUE
https://neonone.com/resources/,TRUE
https://neonone.com/revenue-boost-kick-the-year-off-right-with-matching-gifts/,TRUE
https://neonone.com/salvation-army-kroc-center/,TRUE
https://neonone.com/security/,TRUE
https://neonone.com/set-the-tone-for-2019-4-ways-to-expertly-manage-donor-data/,TRUE
https://neonone.com/seven-tips-to-help-you-find-that-perfect-vms/,TRUE
https://neonone.com/show-me-pricing-neoncrm/,TRUE
https://neonone.com/solutions/,TRUE
https://neonone.com/solutions/community-building/,TRUE
https://neonone.com/solutions/fundraising/,TRUE
https://neonone.com/solutions/neonraise/,TRUE
https://neonone.com/solutions/neonraise/terms-of-service/,TRUE
https://neonone.com/solutions/payment-processing/,TRUE
https://neonone.com/solutions/program-management/,TRUE
https://neonone.com/stories/arizona-gives-day/,TRUE
https://neonone.com/support-racial-equity/,TRUE
https://neonone.com/termsofservice/,TRUE
https://neonone.com/the-2019-neon-one-partners-of-the-year/,TRUE
https://neonone.com/the-benefits-of-online-fundraising-compliance/,TRUE
https://neonone.com/the-neon-one-academy-elite-fall-2019/,TRUE
https://neonone.com/the-neon-one-academy-elite-summer-2019/,TRUE
https://neonone.com/virtual-5k-fundraiser/,TRUE
https://neonone.com/virtual-vip-dinner/,TRUE
https://neonone.com/volunteer-appreciation/,TRUE
https://neonone.com/volunteer-grants-turning-manpower-into-monetary-support/,TRUE
https://neonone.com/why-and-how-your-nonprofit-should-try-ai-for-fundraising/,TRUE
https://neonone.com/why-integrating-your-crm-with-your-donor-research-tool-is-the-best-decision-youll-make-this-year/,TRUE